{
  "model_name": "decision_tree",
  "dataset_name": "k2",
  "training_time": 0.284832239151001,
  "feature_names": [
    "pl_orbper",
    "pl_orbpererr1",
    "pl_orbpererr2",
    "pl_rade",
    "pl_radeerr1",
    "pl_radeerr2",
    "pl_radj",
    "pl_radjerr1",
    "pl_radjerr2",
    "st_teff",
    "st_tefferr1",
    "st_tefferr2",
    "st_rad",
    "st_raderr1",
    "st_raderr2",
    "st_mass",
    "st_logg",
    "st_loggerr1",
    "st_loggerr2",
    "ra",
    "dec",
    "sy_dist",
    "sy_disterr1",
    "sy_disterr2",
    "sy_vmag",
    "sy_vmagerr1",
    "sy_vmagerr2",
    "sy_kmag",
    "sy_kmagerr1",
    "sy_kmagerr2",
    "sy_gaiamag",
    "sy_gaiamagerr1",
    "sy_gaiamagerr2"
  ],
  "validation_metrics": {
    "accuracy": 0.7590511860174781,
    "precision_macro": 0.571151504593314,
    "precision_micro": 0.7590511860174781,
    "precision_weighted": 0.7576624370733411,
    "recall_macro": 0.6184859078762143,
    "recall_micro": 0.7590511860174781,
    "recall_weighted": 0.7590511860174781,
    "f1_macro": 0.5872500781149792,
    "f1_micro": 0.7590511860174781,
    "f1_weighted": 0.7578008366860552,
    "confusion_matrix": [
      [
        2,
        1,
        0,
        1
      ],
      [
        3,
        180,
        24,
        68
      ],
      [
        1,
        20,
        27,
        11
      ],
      [
        1,
        56,
        7,
        399
      ]
    ],
    "classification_report": {
      "Class_0": {
        "precision": 0.2857142857142857,
        "recall": 0.5,
        "f1-score": 0.36363636363636365,
        "support": 4.0
      },
      "Class_1": {
        "precision": 0.7003891050583657,
        "recall": 0.6545454545454545,
        "f1-score": 0.6766917293233082,
        "support": 275.0
      },
      "Class_2": {
        "precision": 0.46551724137931033,
        "recall": 0.4576271186440678,
        "f1-score": 0.46153846153846156,
        "support": 59.0
      },
      "Class_3": {
        "precision": 0.8329853862212944,
        "recall": 0.8617710583153347,
        "f1-score": 0.8471337579617835,
        "support": 463.0
      },
      "accuracy": 0.7590511860174781,
      "macro avg": {
        "precision": 0.571151504593314,
        "recall": 0.6184859078762143,
        "f1-score": 0.5872500781149792,
        "support": 801.0
      },
      "weighted avg": {
        "precision": 0.7576624370733411,
        "recall": 0.7590511860174781,
        "f1-score": 0.7578008366860552,
        "support": 801.0
      }
    },
    "class_distribution": {
      "REFUTED": 4,
      "candidate": 275,
      "false_positive": 59,
      "planet": 463
    }
  },
  "test_metrics": {
    "accuracy": 0.7715355805243446,
    "precision_macro": 0.5998060053981107,
    "precision_micro": 0.7715355805243446,
    "precision_weighted": 0.7710715013790118,
    "recall_macro": 0.6869529214242214,
    "recall_micro": 0.7715355805243446,
    "recall_weighted": 0.7715355805243446,
    "f1_macro": 0.6271152423761555,
    "f1_micro": 0.7715355805243446,
    "f1_weighted": 0.7700045016656428,
    "confusion_matrix": [
      [
        3,
        1,
        0,
        0
      ],
      [
        2,
        183,
        24,
        66
      ],
      [
        1,
        16,
        27,
        15
      ],
      [
        2,
        47,
        9,
        405
      ]
    ],
    "classification_report": {
      "Class_0": {
        "precision": 0.375,
        "recall": 0.75,
        "f1-score": 0.5,
        "support": 4.0
      },
      "Class_1": {
        "precision": 0.7408906882591093,
        "recall": 0.6654545454545454,
        "f1-score": 0.7011494252873564,
        "support": 275.0
      },
      "Class_2": {
        "precision": 0.45,
        "recall": 0.4576271186440678,
        "f1-score": 0.453781512605042,
        "support": 59.0
      },
      "Class_3": {
        "precision": 0.8333333333333334,
        "recall": 0.8747300215982722,
        "f1-score": 0.8535300316122234,
        "support": 463.0
      },
      "accuracy": 0.7715355805243446,
      "macro avg": {
        "precision": 0.5998060053981107,
        "recall": 0.6869529214242214,
        "f1-score": 0.6271152423761555,
        "support": 801.0
      },
      "weighted avg": {
        "precision": 0.7710715013790118,
        "recall": 0.7715355805243446,
        "f1-score": 0.7700045016656428,
        "support": 801.0
      }
    },
    "class_distribution": {
      "REFUTED": 4,
      "candidate": 275,
      "false_positive": 59,
      "planet": 463
    }
  },
  "model_path": "models/pretrained/decision_tree_k2_model.joblib",
  "trained_at": "2025-10-02 23:06:49"
}