{
  "model_name": "decision_tree",
  "dataset_name": "kepler",
  "training_time": 0.6078729629516602,
  "feature_names": [
    "koi_period",
    "koi_period_err1",
    "koi_period_err2",
    "koi_time0bk",
    "koi_time0bk_err1",
    "koi_time0bk_err2",
    "koi_impact",
    "koi_impact_err1",
    "koi_impact_err2",
    "koi_duration",
    "koi_duration_err1",
    "koi_duration_err2",
    "koi_depth",
    "koi_depth_err1",
    "koi_depth_err2",
    "koi_prad",
    "koi_prad_err1",
    "koi_prad_err2",
    "koi_teq",
    "koi_insol",
    "koi_insol_err1",
    "koi_insol_err2",
    "koi_model_snr",
    "koi_tce_plnt_num",
    "koi_steff",
    "koi_steff_err1",
    "koi_steff_err2",
    "koi_slogg",
    "koi_slogg_err1",
    "koi_slogg_err2",
    "koi_srad",
    "koi_srad_err1",
    "koi_srad_err2",
    "ra",
    "dec",
    "koi_kepmag"
  ],
  "validation_metrics": {
    "accuracy": 0.7365394668060637,
    "precision_macro": 0.698131565434518,
    "precision_micro": 0.7365394668060637,
    "precision_weighted": 0.7349491121571315,
    "recall_macro": 0.6980290987369974,
    "recall_micro": 0.7365394668060637,
    "recall_weighted": 0.7365394668060637,
    "f1_macro": 0.6980325465746975,
    "f1_micro": 0.7365394668060637,
    "f1_weighted": 0.7357107349061112,
    "confusion_matrix": [
      [
        197,
        134,
        65
      ],
      [
        138,
        775,
        55
      ],
      [
        50,
        62,
        437
      ]
    ],
    "classification_report": {
      "Class_0": {
        "precision": 0.5116883116883116,
        "recall": 0.49747474747474746,
        "f1-score": 0.5044814340588989,
        "support": 396.0
      },
      "Class_1": {
        "precision": 0.7981462409886715,
        "recall": 0.8006198347107438,
        "f1-score": 0.7993811242908716,
        "support": 968.0
      },
      "Class_2": {
        "precision": 0.7845601436265709,
        "recall": 0.7959927140255009,
        "f1-score": 0.7902350813743219,
        "support": 549.0
      },
      "accuracy": 0.7365394668060637,
      "macro avg": {
        "precision": 0.698131565434518,
        "recall": 0.6980290987369974,
        "f1-score": 0.6980325465746975,
        "support": 1913.0
      },
      "weighted avg": {
        "precision": 0.7349491121571315,
        "recall": 0.7365394668060637,
        "f1-score": 0.7357107349061112,
        "support": 1913.0
      }
    },
    "class_distribution": {
      "candidate": 396,
      "false_positive": 968,
      "planet": 549
    }
  },
  "test_metrics": {
    "accuracy": 0.7276529012023001,
    "precision_macro": 0.6883394502911213,
    "precision_micro": 0.7276529012023001,
    "precision_weighted": 0.733120195868731,
    "recall_macro": 0.6875291664784958,
    "recall_micro": 0.7276529012023001,
    "recall_weighted": 0.7276529012023001,
    "f1_macro": 0.6876342660847102,
    "f1_micro": 0.7276529012023001,
    "f1_weighted": 0.7301728343780982,
    "confusion_matrix": [
      [
        194,
        140,
        62
      ],
      [
        152,
        773,
        43
      ],
      [
        80,
        44,
        425
      ]
    ],
    "classification_report": {
      "Class_0": {
        "precision": 0.45539906103286387,
        "recall": 0.4898989898989899,
        "f1-score": 0.4720194647201946,
        "support": 396.0
      },
      "Class_1": {
        "precision": 0.8077324973876698,
        "recall": 0.7985537190082644,
        "f1-score": 0.8031168831168831,
        "support": 968.0
      },
      "Class_2": {
        "precision": 0.8018867924528302,
        "recall": 0.7741347905282332,
        "f1-score": 0.7877664504170528,
        "support": 549.0
      },
      "accuracy": 0.7276529012023001,
      "macro avg": {
        "precision": 0.6883394502911213,
        "recall": 0.6875291664784958,
        "f1-score": 0.6876342660847102,
        "support": 1913.0
      },
      "weighted avg": {
        "precision": 0.733120195868731,
        "recall": 0.7276529012023001,
        "f1-score": 0.7301728343780982,
        "support": 1913.0
      }
    },
    "class_distribution": {
      "candidate": 396,
      "false_positive": 968,
      "planet": 549
    }
  },
  "model_path": "models/pretrained/decision_tree_kepler_model.joblib",
  "trained_at": "2025-10-02 23:04:57"
}