{
  "model_name": "decision_tree",
  "dataset_name": "tess",
  "training_time": 0.5464591979980469,
  "feature_names": [
    "ra",
    "dec",
    "st_pmra",
    "st_pmraerr1",
    "st_pmraerr2",
    "st_pmdec",
    "st_pmdecerr1",
    "st_pmdecerr2",
    "pl_orbper",
    "pl_orbpererr1",
    "pl_orbpererr2",
    "pl_trandurh",
    "pl_trandurherr1",
    "pl_trandurherr2",
    "pl_trandep",
    "pl_trandeperr1",
    "pl_trandeperr2",
    "pl_rade",
    "pl_radeerr1",
    "pl_radeerr2",
    "pl_insol",
    "pl_eqt",
    "st_tmag",
    "st_tmagerr1",
    "st_tmagerr2",
    "st_dist",
    "st_disterr1",
    "st_disterr2",
    "st_teff",
    "st_tefferr1",
    "st_tefferr2",
    "st_logg",
    "st_loggerr1",
    "st_loggerr2",
    "st_rad",
    "st_raderr1",
    "st_raderr2"
  ],
  "validation_metrics": {
    "accuracy": 0.5616883116883117,
    "precision_macro": 0.331937995857364,
    "precision_micro": 0.5616883116883117,
    "precision_weighted": 0.5691218269807817,
    "recall_macro": 0.33620771159382873,
    "recall_micro": 0.5616883116883117,
    "recall_weighted": 0.5616883116883117,
    "f1_macro": 0.33384442960486477,
    "f1_micro": 0.5616883116883117,
    "f1_weighted": 0.5652110249230521,
    "confusion_matrix": [
      [
        16,
        8,
        0,
        23,
        8,
        37
      ],
      [
        3,
        44,
        3,
        15,
        15,
        57
      ],
      [
        1,
        2,
        1,
        6,
        1,
        9
      ],
      [
        17,
        20,
        3,
        95,
        12,
        92
      ],
      [
        3,
        17,
        1,
        7,
        42,
        46
      ],
      [
        61,
        51,
        9,
        108,
        40,
        667
      ]
    ],
    "classification_report": {
      "Class_0": {
        "precision": 0.15841584158415842,
        "recall": 0.17391304347826086,
        "f1-score": 0.16580310880829016,
        "support": 92.0
      },
      "Class_1": {
        "precision": 0.30985915492957744,
        "recall": 0.32116788321167883,
        "f1-score": 0.3154121863799283,
        "support": 137.0
      },
      "Class_2": {
        "precision": 0.058823529411764705,
        "recall": 0.05,
        "f1-score": 0.05405405405405406,
        "support": 20.0
      },
      "Class_3": {
        "precision": 0.37401574803149606,
        "recall": 0.39748953974895396,
        "f1-score": 0.385395537525355,
        "support": 239.0
      },
      "Class_4": {
        "precision": 0.3559322033898305,
        "recall": 0.3620689655172414,
        "f1-score": 0.358974358974359,
        "support": 116.0
      },
      "Class_5": {
        "precision": 0.7345814977973568,
        "recall": 0.7126068376068376,
        "f1-score": 0.7234273318872018,
        "support": 936.0
      },
      "accuracy": 0.5616883116883117,
      "macro avg": {
        "precision": 0.331937995857364,
        "recall": 0.33620771159382873,
        "f1-score": 0.33384442960486477,
        "support": 1540.0
      },
      "weighted avg": {
        "precision": 0.5691218269807817,
        "recall": 0.5616883116883117,
        "f1-score": 0.5652110249230521,
        "support": 1540.0
      }
    },
    "class_distribution": {
      "APC": 92,
      "CP": 137,
      "FA": 20,
      "FP": 239,
      "KP": 116,
      "PC": 936
    }
  },
  "test_metrics": {
    "accuracy": 0.5785714285714286,
    "precision_macro": 0.34303915875293206,
    "precision_micro": 0.5785714285714286,
    "precision_weighted": 0.574752247683996,
    "recall_macro": 0.3412124504896243,
    "recall_micro": 0.5785714285714286,
    "recall_weighted": 0.5785714285714286,
    "f1_macro": 0.3417074868774292,
    "f1_micro": 0.5785714285714286,
    "f1_weighted": 0.5764190958773766,
    "confusion_matrix": [
      [
        23,
        4,
        2,
        24,
        3,
        36
      ],
      [
        6,
        44,
        1,
        9,
        16,
        61
      ],
      [
        1,
        1,
        0,
        5,
        0,
        12
      ],
      [
        19,
        12,
        6,
        88,
        11,
        103
      ],
      [
        7,
        11,
        0,
        9,
        43,
        47
      ],
      [
        44,
        47,
        6,
        96,
        50,
        693
      ]
    ],
    "classification_report": {
      "Class_0": {
        "precision": 0.23,
        "recall": 0.25,
        "f1-score": 0.23958333333333334,
        "support": 92.0
      },
      "Class_1": {
        "precision": 0.3697478991596639,
        "recall": 0.32116788321167883,
        "f1-score": 0.34375,
        "support": 137.0
      },
      "Class_2": {
        "precision": 0.0,
        "recall": 0.0,
        "f1-score": 0.0,
        "support": 19.0
      },
      "Class_3": {
        "precision": 0.38095238095238093,
        "recall": 0.3682008368200837,
        "f1-score": 0.37446808510638296,
        "support": 239.0
      },
      "Class_4": {
        "precision": 0.34959349593495936,
        "recall": 0.36752136752136755,
        "f1-score": 0.35833333333333334,
        "support": 117.0
      },
      "Class_5": {
        "precision": 0.7279411764705882,
        "recall": 0.7403846153846154,
        "f1-score": 0.7341101694915254,
        "support": 936.0
      },
      "accuracy": 0.5785714285714286,
      "macro avg": {
        "precision": 0.34303915875293206,
        "recall": 0.3412124504896243,
        "f1-score": 0.3417074868774292,
        "support": 1540.0
      },
      "weighted avg": {
        "precision": 0.574752247683996,
        "recall": 0.5785714285714286,
        "f1-score": 0.5764190958773766,
        "support": 1540.0
      }
    },
    "class_distribution": {
      "APC": 92,
      "CP": 137,
      "FA": 19,
      "FP": 239,
      "KP": 117,
      "PC": 936
    }
  },
  "model_path": "models/pretrained/decision_tree_tess_model.joblib",
  "trained_at": "2025-10-02 23:05:55"
}