{
  "model_name": "deep_learning",
  "dataset_name": "tess",
  "training_time": 49.20106029510498,
  "feature_names": [
    "ra",
    "dec",
    "st_pmra",
    "st_pmraerr1",
    "st_pmraerr2",
    "st_pmdec",
    "st_pmdecerr1",
    "st_pmdecerr2",
    "pl_orbper",
    "pl_orbpererr1",
    "pl_orbpererr2",
    "pl_trandurh",
    "pl_trandurherr1",
    "pl_trandurherr2",
    "pl_trandep",
    "pl_trandeperr1",
    "pl_trandeperr2",
    "pl_rade",
    "pl_radeerr1",
    "pl_radeerr2",
    "pl_insol",
    "pl_eqt",
    "st_tmag",
    "st_tmagerr1",
    "st_tmagerr2",
    "st_dist",
    "st_disterr1",
    "st_disterr2",
    "st_teff",
    "st_tefferr1",
    "st_tefferr2",
    "st_logg",
    "st_loggerr1",
    "st_loggerr2",
    "st_rad",
    "st_raderr1",
    "st_raderr2"
  ],
  "validation_metrics": {
    "accuracy": 0.6694805194805195,
    "precision_macro": 0.5008615834484259,
    "precision_micro": 0.6694805194805195,
    "precision_weighted": 0.63702026948353,
    "recall_macro": 0.3105827348215887,
    "recall_micro": 0.6694805194805195,
    "recall_weighted": 0.6694805194805195,
    "f1_macro": 0.34254815948666945,
    "f1_micro": 0.6694805194805195,
    "f1_weighted": 0.6140965214913379,
    "confusion_matrix": [
      [
        4,
        0,
        0,
        14,
        2,
        72
      ],
      [
        0,
        37,
        0,
        2,
        9,
        89
      ],
      [
        0,
        1,
        0,
        7,
        0,
        12
      ],
      [
        1,
        4,
        1,
        78,
        1,
        154
      ],
      [
        0,
        5,
        0,
        5,
        33,
        73
      ],
      [
        3,
        16,
        0,
        34,
        4,
        879
      ]
    ],
    "classification_report": {
      "Class_0": {
        "precision": 0.5,
        "recall": 0.043478260869565216,
        "f1-score": 0.08,
        "support": 92.0
      },
      "Class_1": {
        "precision": 0.5873015873015873,
        "recall": 0.27007299270072993,
        "f1-score": 0.37,
        "support": 137.0
      },
      "Class_2": {
        "precision": 0.0,
        "recall": 0.0,
        "f1-score": 0.0,
        "support": 20.0
      },
      "Class_3": {
        "precision": 0.5571428571428572,
        "recall": 0.3263598326359833,
        "f1-score": 0.41160949868073876,
        "support": 239.0
      },
      "Class_4": {
        "precision": 0.673469387755102,
        "recall": 0.28448275862068967,
        "f1-score": 0.4,
        "support": 116.0
      },
      "Class_5": {
        "precision": 0.6872556684910086,
        "recall": 0.9391025641025641,
        "f1-score": 0.7936794582392777,
        "support": 936.0
      },
      "accuracy": 0.6694805194805195,
      "macro avg": {
        "precision": 0.5008615834484259,
        "recall": 0.3105827348215887,
        "f1-score": 0.34254815948666945,
        "support": 1540.0
      },
      "weighted avg": {
        "precision": 0.63702026948353,
        "recall": 0.6694805194805195,
        "f1-score": 0.6140965214913379,
        "support": 1540.0
      }
    },
    "class_distribution": {
      "APC": 92,
      "CP": 137,
      "FA": 20,
      "FP": 239,
      "KP": 116,
      "PC": 936
    }
  },
  "test_metrics": {
    "accuracy": 0.685064935064935,
    "precision_macro": 0.6807340239565303,
    "precision_micro": 0.685064935064935,
    "precision_weighted": 0.6675826484025159,
    "recall_macro": 0.3431164528679799,
    "recall_micro": 0.685064935064935,
    "recall_weighted": 0.685064935064935,
    "f1_macro": 0.38543806970178823,
    "f1_micro": 0.685064935064935,
    "f1_weighted": 0.6351374486472169,
    "confusion_matrix": [
      [
        3,
        3,
        0,
        19,
        1,
        66
      ],
      [
        0,
        52,
        0,
        2,
        3,
        80
      ],
      [
        0,
        0,
        1,
        5,
        0,
        13
      ],
      [
        1,
        3,
        0,
        85,
        1,
        149
      ],
      [
        1,
        3,
        0,
        0,
        35,
        78
      ],
      [
        3,
        24,
        0,
        25,
        5,
        879
      ]
    ],
    "classification_report": {
      "Class_0": {
        "precision": 0.375,
        "recall": 0.03260869565217391,
        "f1-score": 0.06,
        "support": 92.0
      },
      "Class_1": {
        "precision": 0.611764705882353,
        "recall": 0.3795620437956204,
        "f1-score": 0.46846846846846846,
        "support": 137.0
      },
      "Class_2": {
        "precision": 1.0,
        "recall": 0.05263157894736842,
        "f1-score": 0.1,
        "support": 19.0
      },
      "Class_3": {
        "precision": 0.625,
        "recall": 0.35564853556485354,
        "f1-score": 0.4533333333333333,
        "support": 239.0
      },
      "Class_4": {
        "precision": 0.7777777777777778,
        "recall": 0.29914529914529914,
        "f1-score": 0.43209876543209874,
        "support": 117.0
      },
      "Class_5": {
        "precision": 0.6948616600790514,
        "recall": 0.9391025641025641,
        "f1-score": 0.7987278509768287,
        "support": 936.0
      },
      "accuracy": 0.685064935064935,
      "macro avg": {
        "precision": 0.6807340239565303,
        "recall": 0.3431164528679799,
        "f1-score": 0.38543806970178823,
        "support": 1540.0
      },
      "weighted avg": {
        "precision": 0.6675826484025159,
        "recall": 0.685064935064935,
        "f1-score": 0.6351374486472169,
        "support": 1540.0
      }
    },
    "class_distribution": {
      "APC": 92,
      "CP": 137,
      "FA": 19,
      "FP": 239,
      "KP": 117,
      "PC": 936
    }
  },
  "model_path": "models/pretrained/deep_learning_tess_model.joblib",
  "trained_at": "2025-10-02 23:06:46"
}