{
  "model_name": "linear_regression",
  "dataset_name": "tess",
  "training_time": 0.43822240829467773,
  "feature_names": [
    "ra",
    "dec",
    "st_pmra",
    "st_pmraerr1",
    "st_pmraerr2",
    "st_pmdec",
    "st_pmdecerr1",
    "st_pmdecerr2",
    "pl_orbper",
    "pl_orbpererr1",
    "pl_orbpererr2",
    "pl_trandurh",
    "pl_trandurherr1",
    "pl_trandurherr2",
    "pl_trandep",
    "pl_trandeperr1",
    "pl_trandeperr2",
    "pl_rade",
    "pl_radeerr1",
    "pl_radeerr2",
    "pl_insol",
    "pl_eqt",
    "st_tmag",
    "st_tmagerr1",
    "st_tmagerr2",
    "st_dist",
    "st_disterr1",
    "st_disterr2",
    "st_teff",
    "st_tefferr1",
    "st_tefferr2",
    "st_logg",
    "st_loggerr1",
    "st_loggerr2",
    "st_rad",
    "st_raderr1",
    "st_raderr2"
  ],
  "validation_metrics": {
    "accuracy": 0.6376623376623377,
    "precision_macro": 0.456322194494319,
    "precision_micro": 0.6376623376623377,
    "precision_weighted": 0.5788180645242689,
    "recall_macro": 0.26801873474365495,
    "recall_micro": 0.6376623376623377,
    "recall_weighted": 0.6376623376623377,
    "f1_macro": 0.29330230814372554,
    "f1_micro": 0.6376623376623377,
    "f1_weighted": 0.5684250879900519,
    "confusion_matrix": [
      [
        9,
        0,
        1,
        10,
        3,
        69
      ],
      [
        0,
        32,
        0,
        2,
        2,
        101
      ],
      [
        0,
        0,
        1,
        6,
        0,
        13
      ],
      [
        8,
        6,
        1,
        52,
        8,
        164
      ],
      [
        0,
        9,
        0,
        7,
        8,
        92
      ],
      [
        4,
        15,
        0,
        33,
        4,
        880
      ]
    ],
    "classification_report": {
      "Class_0": {
        "precision": 0.42857142857142855,
        "recall": 0.09782608695652174,
        "f1-score": 0.1592920353982301,
        "support": 92.0
      },
      "Class_1": {
        "precision": 0.5161290322580645,
        "recall": 0.23357664233576642,
        "f1-score": 0.32160804020100503,
        "support": 137.0
      },
      "Class_2": {
        "precision": 0.3333333333333333,
        "recall": 0.05,
        "f1-score": 0.08695652173913043,
        "support": 20.0
      },
      "Class_3": {
        "precision": 0.4727272727272727,
        "recall": 0.2175732217573222,
        "f1-score": 0.2979942693409742,
        "support": 239.0
      },
      "Class_4": {
        "precision": 0.32,
        "recall": 0.06896551724137931,
        "f1-score": 0.11347517730496454,
        "support": 116.0
      },
      "Class_5": {
        "precision": 0.6671721000758151,
        "recall": 0.9401709401709402,
        "f1-score": 0.7804878048780488,
        "support": 936.0
      },
      "accuracy": 0.6376623376623377,
      "macro avg": {
        "precision": 0.456322194494319,
        "recall": 0.26801873474365495,
        "f1-score": 0.29330230814372554,
        "support": 1540.0
      },
      "weighted avg": {
        "precision": 0.5788180645242689,
        "recall": 0.6376623376623377,
        "f1-score": 0.5684250879900519,
        "support": 1540.0
      }
    },
    "class_distribution": {
      "APC": 92,
      "CP": 137,
      "FA": 20,
      "FP": 239,
      "KP": 116,
      "PC": 936
    }
  },
  "test_metrics": {
    "accuracy": 0.6597402597402597,
    "precision_macro": 0.42835932980193636,
    "precision_micro": 0.6597402597402597,
    "precision_weighted": 0.6084688210183535,
    "recall_macro": 0.2840303143627186,
    "recall_micro": 0.6597402597402597,
    "recall_weighted": 0.6597402597402597,
    "f1_macro": 0.3057629680379264,
    "f1_micro": 0.6597402597402597,
    "f1_weighted": 0.5949412775317747,
    "confusion_matrix": [
      [
        4,
        3,
        0,
        14,
        7,
        64
      ],
      [
        0,
        48,
        1,
        2,
        3,
        83
      ],
      [
        0,
        0,
        0,
        4,
        0,
        15
      ],
      [
        11,
        1,
        0,
        66,
        0,
        161
      ],
      [
        1,
        5,
        0,
        5,
        10,
        96
      ],
      [
        8,
        18,
        0,
        22,
        0,
        888
      ]
    ],
    "classification_report": {
      "Class_0": {
        "precision": 0.16666666666666666,
        "recall": 0.043478260869565216,
        "f1-score": 0.06896551724137931,
        "support": 92.0
      },
      "Class_1": {
        "precision": 0.64,
        "recall": 0.35036496350364965,
        "f1-score": 0.4528301886792453,
        "support": 137.0
      },
      "Class_2": {
        "precision": 0.0,
        "recall": 0.0,
        "f1-score": 0.0,
        "support": 19.0
      },
      "Class_3": {
        "precision": 0.584070796460177,
        "recall": 0.27615062761506276,
        "f1-score": 0.375,
        "support": 239.0
      },
      "Class_4": {
        "precision": 0.5,
        "recall": 0.08547008547008547,
        "f1-score": 0.145985401459854,
        "support": 117.0
      },
      "Class_5": {
        "precision": 0.6794185156847743,
        "recall": 0.9487179487179487,
        "f1-score": 0.7917967008470798,
        "support": 936.0
      },
      "accuracy": 0.6597402597402597,
      "macro avg": {
        "precision": 0.42835932980193636,
        "recall": 0.2840303143627186,
        "f1-score": 0.3057629680379264,
        "support": 1540.0
      },
      "weighted avg": {
        "precision": 0.6084688210183535,
        "recall": 0.6597402597402597,
        "f1-score": 0.5949412775317747,
        "support": 1540.0
      }
    },
    "class_distribution": {
      "APC": 92,
      "CP": 137,
      "FA": 19,
      "FP": 239,
      "KP": 117,
      "PC": 936
    }
  },
  "model_path": "models/pretrained/linear_regression_tess_model.joblib",
  "trained_at": "2025-10-02 23:05:46"
}