{
  "model_name": "linear_regression",
  "dataset_name": "k2",
  "training_time": 0.3412950038909912,
  "feature_names": [
    "pl_orbper",
    "pl_orbpererr1",
    "pl_orbpererr2",
    "pl_rade",
    "pl_radeerr1",
    "pl_radeerr2",
    "pl_radj",
    "pl_radjerr1",
    "pl_radjerr2",
    "st_teff",
    "st_tefferr1",
    "st_tefferr2",
    "st_rad",
    "st_raderr1",
    "st_raderr2",
    "st_mass",
    "st_logg",
    "st_loggerr1",
    "st_loggerr2",
    "ra",
    "dec",
    "sy_dist",
    "sy_disterr1",
    "sy_disterr2",
    "sy_vmag",
    "sy_vmagerr1",
    "sy_vmagerr2",
    "sy_kmag",
    "sy_kmagerr1",
    "sy_kmagerr2",
    "sy_gaiamag",
    "sy_gaiamagerr1",
    "sy_gaiamagerr2"
  ],
  "validation_metrics": {
    "accuracy": 0.6679151061173533,
    "precision_macro": 0.4583985447556288,
    "precision_micro": 0.6679151061173533,
    "precision_weighted": 0.6458436598677793,
    "recall_macro": 0.3745938759413885,
    "recall_micro": 0.6679151061173533,
    "recall_weighted": 0.6679151061173533,
    "f1_macro": 0.3891816768280726,
    "f1_micro": 0.6679151061173533,
    "f1_weighted": 0.6342396741013722,
    "confusion_matrix": [
      [
        0,
        2,
        0,
        2
      ],
      [
        0,
        102,
        10,
        163
      ],
      [
        0,
        24,
        13,
        22
      ],
      [
        0,
        42,
        1,
        420
      ]
    ],
    "classification_report": {
      "Class_0": {
        "precision": 0.0,
        "recall": 0.0,
        "f1-score": 0.0,
        "support": 4.0
      },
      "Class_1": {
        "precision": 0.6,
        "recall": 0.3709090909090909,
        "f1-score": 0.4584269662921348,
        "support": 275.0
      },
      "Class_2": {
        "precision": 0.5416666666666666,
        "recall": 0.22033898305084745,
        "f1-score": 0.3132530120481928,
        "support": 59.0
      },
      "Class_3": {
        "precision": 0.6919275123558485,
        "recall": 0.9071274298056156,
        "f1-score": 0.7850467289719626,
        "support": 463.0
      },
      "accuracy": 0.6679151061173533,
      "macro avg": {
        "precision": 0.4583985447556288,
        "recall": 0.3745938759413885,
        "f1-score": 0.3891816768280726,
        "support": 801.0
      },
      "weighted avg": {
        "precision": 0.6458436598677793,
        "recall": 0.6679151061173533,
        "f1-score": 0.6342396741013722,
        "support": 801.0
      }
    },
    "class_distribution": {
      "REFUTED": 4,
      "candidate": 275,
      "false_positive": 59,
      "planet": 463
    }
  },
  "test_metrics": {
    "accuracy": 0.7078651685393258,
    "precision_macro": 0.5080647205782031,
    "precision_micro": 0.7078651685393258,
    "precision_weighted": 0.6968804315097675,
    "recall_macro": 0.38890144997953324,
    "recall_micro": 0.7078651685393258,
    "recall_weighted": 0.7078651685393258,
    "f1_macro": 0.4057562682952627,
    "f1_micro": 0.7078651685393258,
    "f1_weighted": 0.6754447444534363,
    "confusion_matrix": [
      [
        0,
        2,
        0,
        2
      ],
      [
        0,
        124,
        6,
        145
      ],
      [
        0,
        23,
        10,
        26
      ],
      [
        0,
        30,
        0,
        433
      ]
    ],
    "classification_report": {
      "Class_0": {
        "precision": 0.0,
        "recall": 0.0,
        "f1-score": 0.0,
        "support": 4.0
      },
      "Class_1": {
        "precision": 0.6927374301675978,
        "recall": 0.4509090909090909,
        "f1-score": 0.5462555066079295,
        "support": 275.0
      },
      "Class_2": {
        "precision": 0.625,
        "recall": 0.1694915254237288,
        "f1-score": 0.26666666666666666,
        "support": 59.0
      },
      "Class_3": {
        "precision": 0.7145214521452146,
        "recall": 0.9352051835853131,
        "f1-score": 0.8101028999064547,
        "support": 463.0
      },
      "accuracy": 0.7078651685393258,
      "macro avg": {
        "precision": 0.5080647205782031,
        "recall": 0.38890144997953324,
        "f1-score": 0.4057562682952627,
        "support": 801.0
      },
      "weighted avg": {
        "precision": 0.6968804315097675,
        "recall": 0.7078651685393258,
        "f1-score": 0.6754447444534363,
        "support": 801.0
      }
    },
    "class_distribution": {
      "REFUTED": 4,
      "candidate": 275,
      "false_positive": 59,
      "planet": 463
    }
  },
  "model_path": "models/pretrained/linear_regression_k2_model.joblib",
  "trained_at": "2025-10-02 23:06:46"
}