{
  "model_name": "pca",
  "dataset_name": "kepler",
  "training_time": 0.6197724342346191,
  "feature_names": [
    "koi_period",
    "koi_period_err1",
    "koi_period_err2",
    "koi_time0bk",
    "koi_time0bk_err1",
    "koi_time0bk_err2",
    "koi_impact",
    "koi_impact_err1",
    "koi_impact_err2",
    "koi_duration",
    "koi_duration_err1",
    "koi_duration_err2",
    "koi_depth",
    "koi_depth_err1",
    "koi_depth_err2",
    "koi_prad",
    "koi_prad_err1",
    "koi_prad_err2",
    "koi_teq",
    "koi_insol",
    "koi_insol_err1",
    "koi_insol_err2",
    "koi_model_snr",
    "koi_tce_plnt_num",
    "koi_steff",
    "koi_steff_err1",
    "koi_steff_err2",
    "koi_slogg",
    "koi_slogg_err1",
    "koi_slogg_err2",
    "koi_srad",
    "koi_srad_err1",
    "koi_srad_err2",
    "ra",
    "dec",
    "koi_kepmag"
  ],
  "validation_metrics": {
    "accuracy": 0.7077888133821223,
    "precision_macro": 0.6522425847801061,
    "precision_micro": 0.7077888133821223,
    "precision_weighted": 0.6842005253185864,
    "recall_macro": 0.6288807097301881,
    "recall_micro": 0.7077888133821223,
    "recall_weighted": 0.7077888133821223,
    "f1_macro": 0.6217596779369293,
    "f1_micro": 0.7077888133821223,
    "f1_weighted": 0.6830992678129211,
    "confusion_matrix": [
      [
        95,
        185,
        116
      ],
      [
        72,
        820,
        76
      ],
      [
        18,
        92,
        439
      ]
    ],
    "classification_report": {
      "Class_0": {
        "precision": 0.5135135135135135,
        "recall": 0.2398989898989899,
        "f1-score": 0.3270223752151463,
        "support": 396.0
      },
      "Class_1": {
        "precision": 0.7474931631722881,
        "recall": 0.8471074380165289,
        "f1-score": 0.7941888619854721,
        "support": 968.0
      },
      "Class_2": {
        "precision": 0.6957210776545166,
        "recall": 0.7996357012750456,
        "f1-score": 0.7440677966101695,
        "support": 549.0
      },
      "accuracy": 0.7077888133821223,
      "macro avg": {
        "precision": 0.6522425847801061,
        "recall": 0.6288807097301881,
        "f1-score": 0.6217596779369293,
        "support": 1913.0
      },
      "weighted avg": {
        "precision": 0.6842005253185864,
        "recall": 0.7077888133821223,
        "f1-score": 0.6830992678129211,
        "support": 1913.0
      }
    },
    "class_distribution": {
      "candidate": 396,
      "false_positive": 968,
      "planet": 549
    }
  },
  "test_metrics": {
    "accuracy": 0.7130162049137481,
    "precision_macro": 0.6598849389112774,
    "precision_micro": 0.7130162049137481,
    "precision_weighted": 0.6917533164995476,
    "recall_macro": 0.6371200830962381,
    "recall_micro": 0.7130162049137481,
    "recall_weighted": 0.7130162049137481,
    "f1_macro": 0.6306746531605388,
    "f1_micro": 0.7130162049137481,
    "f1_weighted": 0.6902449697306605,
    "confusion_matrix": [
      [
        102,
        179,
        115
      ],
      [
        69,
        818,
        81
      ],
      [
        22,
        83,
        444
      ]
    ],
    "classification_report": {
      "Class_0": {
        "precision": 0.5284974093264249,
        "recall": 0.25757575757575757,
        "f1-score": 0.3463497453310696,
        "support": 396.0
      },
      "Class_1": {
        "precision": 0.7574074074074074,
        "recall": 0.8450413223140496,
        "f1-score": 0.798828125,
        "support": 968.0
      },
      "Class_2": {
        "precision": 0.69375,
        "recall": 0.8087431693989071,
        "f1-score": 0.7468460891505467,
        "support": 549.0
      },
      "accuracy": 0.7130162049137481,
      "macro avg": {
        "precision": 0.6598849389112774,
        "recall": 0.6371200830962381,
        "f1-score": 0.6306746531605388,
        "support": 1913.0
      },
      "weighted avg": {
        "precision": 0.6917533164995476,
        "recall": 0.7130162049137481,
        "f1-score": 0.6902449697306605,
        "support": 1913.0
      }
    },
    "class_distribution": {
      "candidate": 396,
      "false_positive": 968,
      "planet": 549
    }
  },
  "model_path": "models/pretrained/pca_kepler_model.joblib",
  "trained_at": "2025-10-02 23:04:59"
}