{
  "model_name": "pca",
  "dataset_name": "k2",
  "training_time": 0.301039457321167,
  "feature_names": [
    "pl_orbper",
    "pl_orbpererr1",
    "pl_orbpererr2",
    "pl_rade",
    "pl_radeerr1",
    "pl_radeerr2",
    "pl_radj",
    "pl_radjerr1",
    "pl_radjerr2",
    "st_teff",
    "st_tefferr1",
    "st_tefferr2",
    "st_rad",
    "st_raderr1",
    "st_raderr2",
    "st_mass",
    "st_logg",
    "st_loggerr1",
    "st_loggerr2",
    "ra",
    "dec",
    "sy_dist",
    "sy_disterr1",
    "sy_disterr2",
    "sy_vmag",
    "sy_vmagerr1",
    "sy_vmagerr2",
    "sy_kmag",
    "sy_kmagerr1",
    "sy_kmagerr2",
    "sy_gaiamag",
    "sy_gaiamagerr1",
    "sy_gaiamagerr2"
  ],
  "validation_metrics": {
    "accuracy": 0.6791510611735331,
    "precision_macro": 0.48110533281919277,
    "precision_micro": 0.6791510611735331,
    "precision_weighted": 0.6596241009744251,
    "recall_macro": 0.36428903746251917,
    "recall_micro": 0.6791510611735331,
    "recall_weighted": 0.6791510611735331,
    "f1_macro": 0.37570463231004914,
    "f1_micro": 0.6791510611735331,
    "f1_weighted": 0.6428221769111712,
    "confusion_matrix": [
      [
        0,
        2,
        0,
        2
      ],
      [
        0,
        111,
        4,
        160
      ],
      [
        0,
        33,
        8,
        18
      ],
      [
        0,
        37,
        1,
        425
      ]
    ],
    "classification_report": {
      "Class_0": {
        "precision": 0.0,
        "recall": 0.0,
        "f1-score": 0.0,
        "support": 4.0
      },
      "Class_1": {
        "precision": 0.6065573770491803,
        "recall": 0.4036363636363636,
        "f1-score": 0.4847161572052402,
        "support": 275.0
      },
      "Class_2": {
        "precision": 0.6153846153846154,
        "recall": 0.13559322033898305,
        "f1-score": 0.2222222222222222,
        "support": 59.0
      },
      "Class_3": {
        "precision": 0.7024793388429752,
        "recall": 0.91792656587473,
        "f1-score": 0.795880149812734,
        "support": 463.0
      },
      "accuracy": 0.6791510611735331,
      "macro avg": {
        "precision": 0.48110533281919277,
        "recall": 0.36428903746251917,
        "f1-score": 0.37570463231004914,
        "support": 801.0
      },
      "weighted avg": {
        "precision": 0.6596241009744251,
        "recall": 0.6791510611735331,
        "f1-score": 0.6428221769111712,
        "support": 801.0
      }
    },
    "class_distribution": {
      "REFUTED": 4,
      "candidate": 275,
      "false_positive": 59,
      "planet": 463
    }
  },
  "test_metrics": {
    "accuracy": 0.6941323345817728,
    "precision_macro": 0.5110431235431235,
    "precision_micro": 0.6941323345817728,
    "precision_weighted": 0.686025480969301,
    "recall_macro": 0.37113765320962305,
    "recall_micro": 0.6941323345817728,
    "recall_weighted": 0.6941323345817728,
    "f1_macro": 0.3841627333626245,
    "f1_micro": 0.6941323345817728,
    "f1_weighted": 0.6550786988231747,
    "confusion_matrix": [
      [
        0,
        3,
        0,
        1
      ],
      [
        0,
        112,
        4,
        159
      ],
      [
        0,
        23,
        8,
        28
      ],
      [
        0,
        27,
        0,
        436
      ]
    ],
    "classification_report": {
      "Class_0": {
        "precision": 0.0,
        "recall": 0.0,
        "f1-score": 0.0,
        "support": 4.0
      },
      "Class_1": {
        "precision": 0.6787878787878788,
        "recall": 0.4072727272727273,
        "f1-score": 0.509090909090909,
        "support": 275.0
      },
      "Class_2": {
        "precision": 0.6666666666666666,
        "recall": 0.13559322033898305,
        "f1-score": 0.22535211267605634,
        "support": 59.0
      },
      "Class_3": {
        "precision": 0.6987179487179487,
        "recall": 0.9416846652267818,
        "f1-score": 0.8022079116835327,
        "support": 463.0
      },
      "accuracy": 0.6941323345817728,
      "macro avg": {
        "precision": 0.5110431235431235,
        "recall": 0.37113765320962305,
        "f1-score": 0.3841627333626245,
        "support": 801.0
      },
      "weighted avg": {
        "precision": 0.686025480969301,
        "recall": 0.6941323345817728,
        "f1-score": 0.6550786988231747,
        "support": 801.0
      }
    },
    "class_distribution": {
      "REFUTED": 4,
      "candidate": 275,
      "false_positive": 59,
      "planet": 463
    }
  },
  "model_path": "models/pretrained/pca_k2_model.joblib",
  "trained_at": "2025-10-02 23:06:51"
}