{
  "model_name": "random_forest",
  "dataset_name": "kepler",
  "training_time": 1.2920911312103271,
  "feature_names": [
    "koi_period",
    "koi_period_err1",
    "koi_period_err2",
    "koi_time0bk",
    "koi_time0bk_err1",
    "koi_time0bk_err2",
    "koi_impact",
    "koi_impact_err1",
    "koi_impact_err2",
    "koi_duration",
    "koi_duration_err1",
    "koi_duration_err2",
    "koi_depth",
    "koi_depth_err1",
    "koi_depth_err2",
    "koi_prad",
    "koi_prad_err1",
    "koi_prad_err2",
    "koi_teq",
    "koi_insol",
    "koi_insol_err1",
    "koi_insol_err2",
    "koi_model_snr",
    "koi_tce_plnt_num",
    "koi_steff",
    "koi_steff_err1",
    "koi_steff_err2",
    "koi_slogg",
    "koi_slogg_err1",
    "koi_slogg_err2",
    "koi_srad",
    "koi_srad_err1",
    "koi_srad_err2",
    "ra",
    "dec",
    "koi_kepmag"
  ],
  "validation_metrics": {
    "accuracy": 0.8086774699424987,
    "precision_macro": 0.7761397322935184,
    "precision_micro": 0.8086774699424987,
    "precision_weighted": 0.7996941293767136,
    "recall_macro": 0.7557711993255958,
    "recall_micro": 0.8086774699424987,
    "recall_weighted": 0.8086774699424987,
    "f1_macro": 0.7622581636458161,
    "f1_micro": 0.8086774699424987,
    "f1_weighted": 0.8014980186997555,
    "confusion_matrix": [
      [
        198,
        130,
        68
      ],
      [
        72,
        875,
        21
      ],
      [
        35,
        40,
        474
      ]
    ],
    "classification_report": {
      "Class_0": {
        "precision": 0.6491803278688525,
        "recall": 0.5,
        "f1-score": 0.5649072753209701,
        "support": 396.0
      },
      "Class_1": {
        "precision": 0.8373205741626795,
        "recall": 0.9039256198347108,
        "f1-score": 0.8693492300049677,
        "support": 968.0
      },
      "Class_2": {
        "precision": 0.8419182948490231,
        "recall": 0.8633879781420765,
        "f1-score": 0.8525179856115108,
        "support": 549.0
      },
      "accuracy": 0.8086774699424987,
      "macro avg": {
        "precision": 0.7761397322935184,
        "recall": 0.7557711993255958,
        "f1-score": 0.7622581636458161,
        "support": 1913.0
      },
      "weighted avg": {
        "precision": 0.7996941293767136,
        "recall": 0.8086774699424987,
        "f1-score": 0.8014980186997555,
        "support": 1913.0
      }
    },
    "class_distribution": {
      "candidate": 396,
      "false_positive": 968,
      "planet": 549
    }
  },
  "test_metrics": {
    "accuracy": 0.7987454260324098,
    "precision_macro": 0.766073939832805,
    "precision_micro": 0.7987454260324098,
    "precision_weighted": 0.7911534339112722,
    "recall_macro": 0.7498475816285056,
    "recall_micro": 0.7987454260324098,
    "recall_weighted": 0.7987454260324098,
    "f1_macro": 0.7557332763854503,
    "f1_micro": 0.7987454260324098,
    "f1_weighted": 0.7932849685145191,
    "confusion_matrix": [
      [
        204,
        138,
        54
      ],
      [
        73,
        859,
        36
      ],
      [
        47,
        37,
        465
      ]
    ],
    "classification_report": {
      "Class_0": {
        "precision": 0.6296296296296297,
        "recall": 0.5151515151515151,
        "f1-score": 0.5666666666666667,
        "support": 396.0
      },
      "Class_1": {
        "precision": 0.8307543520309478,
        "recall": 0.887396694214876,
        "f1-score": 0.8581418581418582,
        "support": 968.0
      },
      "Class_2": {
        "precision": 0.8378378378378378,
        "recall": 0.8469945355191257,
        "f1-score": 0.842391304347826,
        "support": 549.0
      },
      "accuracy": 0.7987454260324098,
      "macro avg": {
        "precision": 0.766073939832805,
        "recall": 0.7498475816285056,
        "f1-score": 0.7557332763854503,
        "support": 1913.0
      },
      "weighted avg": {
        "precision": 0.7911534339112722,
        "recall": 0.7987454260324098,
        "f1-score": 0.7932849685145191,
        "support": 1913.0
      }
    },
    "class_distribution": {
      "candidate": 396,
      "false_positive": 968,
      "planet": 549
    }
  },
  "model_path": "models/pretrained/random_forest_kepler_model.joblib",
  "trained_at": "2025-10-02 23:04:59"
}