{
  "model_name": "random_forest",
  "dataset_name": "k2",
  "training_time": 0.9864804744720459,
  "feature_names": [
    "pl_orbper",
    "pl_orbpererr1",
    "pl_orbpererr2",
    "pl_rade",
    "pl_radeerr1",
    "pl_radeerr2",
    "pl_radj",
    "pl_radjerr1",
    "pl_radjerr2",
    "st_teff",
    "st_tefferr1",
    "st_tefferr2",
    "st_rad",
    "st_raderr1",
    "st_raderr2",
    "st_mass",
    "st_logg",
    "st_loggerr1",
    "st_loggerr2",
    "ra",
    "dec",
    "sy_dist",
    "sy_disterr1",
    "sy_disterr2",
    "sy_vmag",
    "sy_vmagerr1",
    "sy_vmagerr2",
    "sy_kmag",
    "sy_kmagerr1",
    "sy_kmagerr2",
    "sy_gaiamag",
    "sy_gaiamagerr1",
    "sy_gaiamagerr2"
  ],
  "validation_metrics": {
    "accuracy": 0.8314606741573034,
    "precision_macro": 0.8664407799554237,
    "precision_micro": 0.8314606741573034,
    "precision_weighted": 0.8296177127906049,
    "recall_macro": 0.6660572836761657,
    "recall_micro": 0.8314606741573034,
    "recall_weighted": 0.8314606741573034,
    "f1_macro": 0.734182182069981,
    "f1_micro": 0.8314606741573034,
    "f1_weighted": 0.8259560756830314,
    "confusion_matrix": [
      [
        2,
        2,
        0,
        0
      ],
      [
        0,
        204,
        6,
        65
      ],
      [
        0,
        24,
        29,
        6
      ],
      [
        0,
        32,
        0,
        431
      ]
    ],
    "classification_report": {
      "Class_0": {
        "precision": 1.0,
        "recall": 0.5,
        "f1-score": 0.6666666666666666,
        "support": 4.0
      },
      "Class_1": {
        "precision": 0.7786259541984732,
        "recall": 0.7418181818181818,
        "f1-score": 0.7597765363128491,
        "support": 275.0
      },
      "Class_2": {
        "precision": 0.8285714285714286,
        "recall": 0.4915254237288136,
        "f1-score": 0.6170212765957447,
        "support": 59.0
      },
      "Class_3": {
        "precision": 0.8585657370517928,
        "recall": 0.9308855291576674,
        "f1-score": 0.8932642487046633,
        "support": 463.0
      },
      "accuracy": 0.8314606741573034,
      "macro avg": {
        "precision": 0.8664407799554237,
        "recall": 0.6660572836761657,
        "f1-score": 0.734182182069981,
        "support": 801.0
      },
      "weighted avg": {
        "precision": 0.8296177127906049,
        "recall": 0.8314606741573034,
        "f1-score": 0.8259560756830314,
        "support": 801.0
      }
    },
    "class_distribution": {
      "REFUTED": 4,
      "candidate": 275,
      "false_positive": 59,
      "planet": 463
    }
  },
  "test_metrics": {
    "accuracy": 0.8289637952559301,
    "precision_macro": 0.8718770260747005,
    "precision_micro": 0.8289637952559301,
    "precision_weighted": 0.8280653851466498,
    "recall_macro": 0.6594343682089409,
    "recall_micro": 0.8289637952559301,
    "recall_weighted": 0.8289637952559301,
    "f1_macro": 0.7305298642084181,
    "f1_micro": 0.8289637952559301,
    "f1_weighted": 0.8221053186939137,
    "confusion_matrix": [
      [
        2,
        1,
        0,
        1
      ],
      [
        0,
        199,
        5,
        71
      ],
      [
        0,
        22,
        28,
        9
      ],
      [
        0,
        28,
        0,
        435
      ]
    ],
    "classification_report": {
      "Class_0": {
        "precision": 1.0,
        "recall": 0.5,
        "f1-score": 0.6666666666666666,
        "support": 4.0
      },
      "Class_1": {
        "precision": 0.796,
        "recall": 0.7236363636363636,
        "f1-score": 0.758095238095238,
        "support": 275.0
      },
      "Class_2": {
        "precision": 0.8484848484848485,
        "recall": 0.4745762711864407,
        "f1-score": 0.6086956521739131,
        "support": 59.0
      },
      "Class_3": {
        "precision": 0.8430232558139535,
        "recall": 0.9395248380129589,
        "f1-score": 0.8886618998978549,
        "support": 463.0
      },
      "accuracy": 0.8289637952559301,
      "macro avg": {
        "precision": 0.8718770260747005,
        "recall": 0.6594343682089409,
        "f1-score": 0.7305298642084181,
        "support": 801.0
      },
      "weighted avg": {
        "precision": 0.8280653851466498,
        "recall": 0.8289637952559301,
        "f1-score": 0.8221053186939137,
        "support": 801.0
      }
    },
    "class_distribution": {
      "REFUTED": 4,
      "candidate": 275,
      "false_positive": 59,
      "planet": 463
    }
  },
  "model_path": "models/pretrained/random_forest_k2_model.joblib",
  "trained_at": "2025-10-02 23:06:50"
}