{
  "model_name": "random_forest",
  "dataset_name": "tess",
  "training_time": 1.540808916091919,
  "feature_names": [
    "ra",
    "dec",
    "st_pmra",
    "st_pmraerr1",
    "st_pmraerr2",
    "st_pmdec",
    "st_pmdecerr1",
    "st_pmdecerr2",
    "pl_orbper",
    "pl_orbpererr1",
    "pl_orbpererr2",
    "pl_trandurh",
    "pl_trandurherr1",
    "pl_trandurherr2",
    "pl_trandep",
    "pl_trandeperr1",
    "pl_trandeperr2",
    "pl_rade",
    "pl_radeerr1",
    "pl_radeerr2",
    "pl_insol",
    "pl_eqt",
    "st_tmag",
    "st_tmagerr1",
    "st_tmagerr2",
    "st_dist",
    "st_disterr1",
    "st_disterr2",
    "st_teff",
    "st_tefferr1",
    "st_tefferr2",
    "st_logg",
    "st_loggerr1",
    "st_loggerr2",
    "st_rad",
    "st_raderr1",
    "st_raderr2"
  ],
  "validation_metrics": {
    "accuracy": 0.6818181818181818,
    "precision_macro": 0.5045004383028838,
    "precision_micro": 0.6818181818181818,
    "precision_weighted": 0.6497892324912149,
    "recall_macro": 0.3527431983597935,
    "recall_micro": 0.6818181818181818,
    "recall_weighted": 0.6818181818181818,
    "f1_macro": 0.386091973112277,
    "f1_micro": 0.6818181818181818,
    "f1_weighted": 0.6402998748327109,
    "confusion_matrix": [
      [
        7,
        0,
        0,
        19,
        2,
        64
      ],
      [
        0,
        51,
        0,
        3,
        5,
        78
      ],
      [
        0,
        2,
        0,
        4,
        0,
        14
      ],
      [
        4,
        6,
        0,
        91,
        2,
        136
      ],
      [
        0,
        8,
        0,
        4,
        43,
        61
      ],
      [
        3,
        23,
        0,
        42,
        10,
        858
      ]
    ],
    "classification_report": {
      "Class_0": {
        "precision": 0.5,
        "recall": 0.07608695652173914,
        "f1-score": 0.1320754716981132,
        "support": 92.0
      },
      "Class_1": {
        "precision": 0.5666666666666667,
        "recall": 0.3722627737226277,
        "f1-score": 0.44933920704845814,
        "support": 137.0
      },
      "Class_2": {
        "precision": 0.0,
        "recall": 0.0,
        "f1-score": 0.0,
        "support": 20.0
      },
      "Class_3": {
        "precision": 0.558282208588957,
        "recall": 0.3807531380753138,
        "f1-score": 0.4527363184079602,
        "support": 239.0
      },
      "Class_4": {
        "precision": 0.6935483870967742,
        "recall": 0.3706896551724138,
        "f1-score": 0.48314606741573035,
        "support": 116.0
      },
      "Class_5": {
        "precision": 0.708505367464905,
        "recall": 0.9166666666666666,
        "f1-score": 0.7992547741034001,
        "support": 936.0
      },
      "accuracy": 0.6818181818181818,
      "macro avg": {
        "precision": 0.5045004383028838,
        "recall": 0.3527431983597935,
        "f1-score": 0.386091973112277,
        "support": 1540.0
      },
      "weighted avg": {
        "precision": 0.6497892324912149,
        "recall": 0.6818181818181818,
        "f1-score": 0.6402998748327109,
        "support": 1540.0
      }
    },
    "class_distribution": {
      "APC": 92,
      "CP": 137,
      "FA": 20,
      "FP": 239,
      "KP": 116,
      "PC": 936
    }
  },
  "test_metrics": {
    "accuracy": 0.6974025974025974,
    "precision_macro": 0.5052884986401667,
    "precision_micro": 0.6974025974025974,
    "precision_weighted": 0.6625464667412992,
    "recall_macro": 0.3576128521322583,
    "recall_micro": 0.6974025974025974,
    "recall_weighted": 0.6974025974025974,
    "f1_macro": 0.3922310332692345,
    "f1_micro": 0.6974025974025974,
    "f1_weighted": 0.6535280871160689,
    "confusion_matrix": [
      [
        4,
        3,
        0,
        19,
        2,
        64
      ],
      [
        0,
        46,
        0,
        2,
        5,
        84
      ],
      [
        0,
        1,
        0,
        4,
        0,
        14
      ],
      [
        3,
        4,
        0,
        103,
        1,
        128
      ],
      [
        0,
        3,
        0,
        1,
        47,
        66
      ],
      [
        5,
        20,
        0,
        28,
        9,
        874
      ]
    ],
    "classification_report": {
      "Class_0": {
        "precision": 0.3333333333333333,
        "recall": 0.043478260869565216,
        "f1-score": 0.07692307692307693,
        "support": 92.0
      },
      "Class_1": {
        "precision": 0.5974025974025974,
        "recall": 0.3357664233576642,
        "f1-score": 0.42990654205607476,
        "support": 137.0
      },
      "Class_2": {
        "precision": 0.0,
        "recall": 0.0,
        "f1-score": 0.0,
        "support": 19.0
      },
      "Class_3": {
        "precision": 0.6560509554140127,
        "recall": 0.4309623430962343,
        "f1-score": 0.5202020202020202,
        "support": 239.0
      },
      "Class_4": {
        "precision": 0.734375,
        "recall": 0.4017094017094017,
        "f1-score": 0.5193370165745856,
        "support": 117.0
      },
      "Class_5": {
        "precision": 0.7105691056910569,
        "recall": 0.9337606837606838,
        "f1-score": 0.8070175438596491,
        "support": 936.0
      },
      "accuracy": 0.6974025974025974,
      "macro avg": {
        "precision": 0.5052884986401667,
        "recall": 0.3576128521322583,
        "f1-score": 0.3922310332692345,
        "support": 1540.0
      },
      "weighted avg": {
        "precision": 0.6625464667412992,
        "recall": 0.6974025974025974,
        "f1-score": 0.6535280871160689,
        "support": 1540.0
      }
    },
    "class_distribution": {
      "APC": 92,
      "CP": 137,
      "FA": 19,
      "FP": 239,
      "KP": 117,
      "PC": 936
    }
  },
  "model_path": "models/pretrained/random_forest_tess_model.joblib",
  "trained_at": "2025-10-02 23:05:56"
}