{
  "model_name": "svm",
  "dataset_name": "tess",
  "training_time": 8.120746612548828,
  "feature_names": [
    "ra",
    "dec",
    "st_pmra",
    "st_pmraerr1",
    "st_pmraerr2",
    "st_pmdec",
    "st_pmdecerr1",
    "st_pmdecerr2",
    "pl_orbper",
    "pl_orbpererr1",
    "pl_orbpererr2",
    "pl_trandurh",
    "pl_trandurherr1",
    "pl_trandurherr2",
    "pl_trandep",
    "pl_trandeperr1",
    "pl_trandeperr2",
    "pl_rade",
    "pl_radeerr1",
    "pl_radeerr2",
    "pl_insol",
    "pl_eqt",
    "st_tmag",
    "st_tmagerr1",
    "st_tmagerr2",
    "st_dist",
    "st_disterr1",
    "st_disterr2",
    "st_teff",
    "st_tefferr1",
    "st_tefferr2",
    "st_logg",
    "st_loggerr1",
    "st_loggerr2",
    "st_rad",
    "st_raderr1",
    "st_raderr2"
  ],
  "validation_metrics": {
    "accuracy": 0.6292207792207792,
    "precision_macro": 0.5596308508516864,
    "precision_micro": 0.6292207792207792,
    "precision_weighted": 0.6251370597208904,
    "recall_macro": 0.2115609818770081,
    "recall_micro": 0.6292207792207792,
    "recall_weighted": 0.6292207792207792,
    "f1_macro": 0.20604743760220032,
    "f1_micro": 0.6292207792207792,
    "f1_weighted": 0.5270588839110663,
    "confusion_matrix": [
      [
        2,
        0,
        0,
        12,
        0,
        78
      ],
      [
        0,
        7,
        0,
        3,
        0,
        127
      ],
      [
        0,
        0,
        0,
        4,
        0,
        16
      ],
      [
        0,
        1,
        0,
        50,
        1,
        187
      ],
      [
        0,
        1,
        0,
        4,
        2,
        109
      ],
      [
        0,
        4,
        0,
        24,
        0,
        908
      ]
    ],
    "classification_report": {
      "Class_0": {
        "precision": 1.0,
        "recall": 0.021739130434782608,
        "f1-score": 0.0425531914893617,
        "support": 92.0
      },
      "Class_1": {
        "precision": 0.5384615384615384,
        "recall": 0.051094890510948905,
        "f1-score": 0.09333333333333334,
        "support": 137.0
      },
      "Class_2": {
        "precision": 0.0,
        "recall": 0.0,
        "f1-score": 0.0,
        "support": 20.0
      },
      "Class_3": {
        "precision": 0.5154639175257731,
        "recall": 0.20920502092050208,
        "f1-score": 0.2976190476190476,
        "support": 239.0
      },
      "Class_4": {
        "precision": 0.6666666666666666,
        "recall": 0.017241379310344827,
        "f1-score": 0.03361344537815126,
        "support": 116.0
      },
      "Class_5": {
        "precision": 0.6371929824561403,
        "recall": 0.9700854700854701,
        "f1-score": 0.7691656077933079,
        "support": 936.0
      },
      "accuracy": 0.6292207792207792,
      "macro avg": {
        "precision": 0.5596308508516864,
        "recall": 0.2115609818770081,
        "f1-score": 0.20604743760220032,
        "support": 1540.0
      },
      "weighted avg": {
        "precision": 0.6251370597208904,
        "recall": 0.6292207792207792,
        "f1-score": 0.5270588839110663,
        "support": 1540.0
      }
    },
    "class_distribution": {
      "APC": 92,
      "CP": 137,
      "FA": 20,
      "FP": 239,
      "KP": 116,
      "PC": 936
    }
  },
  "test_metrics": {
    "accuracy": 0.637012987012987,
    "precision_macro": 0.47966055907916366,
    "precision_micro": 0.637012987012987,
    "precision_weighted": 0.6135175539752707,
    "recall_macro": 0.2192335340069207,
    "recall_micro": 0.637012987012987,
    "recall_weighted": 0.637012987012987,
    "f1_macro": 0.21625985334824746,
    "f1_micro": 0.637012987012987,
    "f1_weighted": 0.5382340357635196,
    "confusion_matrix": [
      [
        0,
        1,
        0,
        12,
        0,
        79
      ],
      [
        0,
        12,
        0,
        3,
        0,
        122
      ],
      [
        0,
        0,
        0,
        4,
        0,
        15
      ],
      [
        0,
        0,
        0,
        57,
        0,
        182
      ],
      [
        0,
        1,
        0,
        3,
        2,
        111
      ],
      [
        1,
        4,
        0,
        21,
        0,
        910
      ]
    ],
    "classification_report": {
      "Class_0": {
        "precision": 0.0,
        "recall": 0.0,
        "f1-score": 0.0,
        "support": 92.0
      },
      "Class_1": {
        "precision": 0.6666666666666666,
        "recall": 0.08759124087591241,
        "f1-score": 0.15483870967741936,
        "support": 137.0
      },
      "Class_2": {
        "precision": 0.0,
        "recall": 0.0,
        "f1-score": 0.0,
        "support": 19.0
      },
      "Class_3": {
        "precision": 0.57,
        "recall": 0.2384937238493724,
        "f1-score": 0.336283185840708,
        "support": 239.0
      },
      "Class_4": {
        "precision": 1.0,
        "recall": 0.017094017094017096,
        "f1-score": 0.03361344537815126,
        "support": 117.0
      },
      "Class_5": {
        "precision": 0.6412966878083157,
        "recall": 0.9722222222222222,
        "f1-score": 0.772823779193206,
        "support": 936.0
      },
      "accuracy": 0.637012987012987,
      "macro avg": {
        "precision": 0.47966055907916366,
        "recall": 0.2192335340069207,
        "f1-score": 0.21625985334824746,
        "support": 1540.0
      },
      "weighted avg": {
        "precision": 0.6135175539752707,
        "recall": 0.637012987012987,
        "f1-score": 0.5382340357635196,
        "support": 1540.0
      }
    },
    "class_distribution": {
      "APC": 92,
      "CP": 137,
      "FA": 19,
      "FP": 239,
      "KP": 117,
      "PC": 936
    }
  },
  "model_path": "models/pretrained/svm_tess_model.joblib",
  "trained_at": "2025-10-02 23:05:54"
}