{
  "model_name": "svm",
  "dataset_name": "k2",
  "training_time": 2.394610643386841,
  "feature_names": [
    "pl_orbper",
    "pl_orbpererr1",
    "pl_orbpererr2",
    "pl_rade",
    "pl_radeerr1",
    "pl_radeerr2",
    "pl_radj",
    "pl_radjerr1",
    "pl_radjerr2",
    "st_teff",
    "st_tefferr1",
    "st_tefferr2",
    "st_rad",
    "st_raderr1",
    "st_raderr2",
    "st_mass",
    "st_logg",
    "st_loggerr1",
    "st_loggerr2",
    "ra",
    "dec",
    "sy_dist",
    "sy_disterr1",
    "sy_disterr2",
    "sy_vmag",
    "sy_vmagerr1",
    "sy_vmagerr2",
    "sy_kmag",
    "sy_kmagerr1",
    "sy_kmagerr2",
    "sy_gaiamag",
    "sy_gaiamagerr1",
    "sy_gaiamagerr2"
  ],
  "validation_metrics": {
    "accuracy": 0.7091136079900124,
    "precision_macro": 0.5402732736628184,
    "precision_micro": 0.7091136079900124,
    "precision_weighted": 0.7035198953269324,
    "recall_macro": 0.39202534552243523,
    "recall_micro": 0.7091136079900124,
    "recall_weighted": 0.7091136079900124,
    "f1_macro": 0.41098417687513433,
    "f1_micro": 0.7091136079900124,
    "f1_weighted": 0.6793014648570868,
    "confusion_matrix": [
      [
        0,
        1,
        0,
        3
      ],
      [
        0,
        131,
        3,
        141
      ],
      [
        0,
        27,
        10,
        22
      ],
      [
        0,
        36,
        0,
        427
      ]
    ],
    "classification_report": {
      "Class_0": {
        "precision": 0.0,
        "recall": 0.0,
        "f1-score": 0.0,
        "support": 4.0
      },
      "Class_1": {
        "precision": 0.6717948717948717,
        "recall": 0.4763636363636364,
        "f1-score": 0.5574468085106383,
        "support": 275.0
      },
      "Class_2": {
        "precision": 0.7692307692307693,
        "recall": 0.1694915254237288,
        "f1-score": 0.2777777777777778,
        "support": 59.0
      },
      "Class_3": {
        "precision": 0.7200674536256324,
        "recall": 0.9222462203023758,
        "f1-score": 0.8087121212121212,
        "support": 463.0
      },
      "accuracy": 0.7091136079900124,
      "macro avg": {
        "precision": 0.5402732736628184,
        "recall": 0.39202534552243523,
        "f1-score": 0.41098417687513433,
        "support": 801.0
      },
      "weighted avg": {
        "precision": 0.7035198953269324,
        "recall": 0.7091136079900124,
        "f1-score": 0.6793014648570868,
        "support": 801.0
      }
    },
    "class_distribution": {
      "REFUTED": 4,
      "candidate": 275,
      "false_positive": 59,
      "planet": 463
    }
  },
  "test_metrics": {
    "accuracy": 0.7290886392009988,
    "precision_macro": 0.5941480585886828,
    "precision_micro": 0.7290886392009988,
    "precision_weighted": 0.7361566200081663,
    "recall_macro": 0.4139714530079504,
    "recall_micro": 0.7290886392009988,
    "recall_weighted": 0.7290886392009988,
    "f1_macro": 0.4410699049794757,
    "f1_micro": 0.7290886392009988,
    "f1_weighted": 0.7018633688382383,
    "confusion_matrix": [
      [
        0,
        2,
        0,
        2
      ],
      [
        0,
        137,
        1,
        137
      ],
      [
        0,
        22,
        13,
        24
      ],
      [
        0,
        29,
        0,
        434
      ]
    ],
    "classification_report": {
      "Class_0": {
        "precision": 0.0,
        "recall": 0.0,
        "f1-score": 0.0,
        "support": 4.0
      },
      "Class_1": {
        "precision": 0.7210526315789474,
        "recall": 0.49818181818181817,
        "f1-score": 0.589247311827957,
        "support": 275.0
      },
      "Class_2": {
        "precision": 0.9285714285714286,
        "recall": 0.22033898305084745,
        "f1-score": 0.3561643835616438,
        "support": 59.0
      },
      "Class_3": {
        "precision": 0.7269681742043551,
        "recall": 0.937365010799136,
        "f1-score": 0.8188679245283019,
        "support": 463.0
      },
      "accuracy": 0.7290886392009988,
      "macro avg": {
        "precision": 0.5941480585886828,
        "recall": 0.4139714530079504,
        "f1-score": 0.4410699049794757,
        "support": 801.0
      },
      "weighted avg": {
        "precision": 0.7361566200081663,
        "recall": 0.7290886392009988,
        "f1-score": 0.7018633688382383,
        "support": 801.0
      }
    },
    "class_distribution": {
      "REFUTED": 4,
      "candidate": 275,
      "false_positive": 59,
      "planet": 463
    }
  },
  "model_path": "models/pretrained/svm_k2_model.joblib",
  "trained_at": "2025-10-02 23:06:49"
}